2026-03-31_13-54-08,0,draft.go:2026-03-31_13-54-08
2026-03-31_13-54-08,0,draft.go:2026-03-31_13-54-08
2026-03-31_17-25-30,0,draft.go:2026-03-31_17-25-30
2026-03-31_17-29-44,0,draft.go:2026-03-31_17-29-44
2026-03-31_17-31-21,---,draft.go:2026-03-31_17-29-44
2026-03-31_17-34-11,0,draft.go:2026-03-31_17-34-11
2026-03-31_17-34-12,0,draft.go:2026-03-31_17-34-11
2026-03-31_17-40-52,20,draft.go:2026-03-31_17-40-52
2026-03-31_17-42-13,60,draft.go:2026-03-31_17-42-13
2026-03-31_17-46-09,60,draft.go:2026-03-31_17-46-09
2026-03-31_17-47-00,60,draft.go:2026-03-31_17-47-00
2026-03-31_17-47-57,60,draft.go:2026-03-31_17-47-57
2026-03-31_17-49-50,100,draft.go:2026-03-31_17-49-50
