2026-04-06_17-02-46,0,draft.go:2026-04-06_17-02-46
2026-04-06_17-06-36,0,draft.go:2026-04-06_17-02-46
2026-04-06_17-14-20,0,draft.go:2026-04-06_17-02-46
2026-04-06_17-14-21,0,draft.go:2026-04-06_17-02-46
2026-04-06_17-14-49,0,draft.go:2026-04-06_17-14-49
2026-04-06_17-15-06,0,draft.go:2026-04-06_17-15-06
2026-04-06_17-15-42,0,draft.go:2026-04-06_17-15-42
2026-04-06_17-15-54,0,draft.go:2026-04-06_17-15-54
2026-04-06_17-16-07,0,draft.go:2026-04-06_17-16-07
2026-04-06_17-16-27,0,draft.go:2026-04-06_17-16-27
2026-04-06_17-17-01,0,draft.go:2026-04-06_17-17-01
2026-04-06_17-17-11,0,draft.go:2026-04-06_17-17-11
2026-04-06_17-19-19,0,draft.go:2026-04-06_17-19-19
2026-04-06_17-19-40,0,draft.go:2026-04-06_17-19-40
2026-04-06_17-34-48,100,draft.go:2026-04-06_17-34-48
