2026-03-10_17-13-21,0,draft.go:2026-03-10_17-13-21
2026-03-10_17-15-09,0,draft.go:2026-03-10_17-15-09
2026-03-10_17-15-36,0,draft.go:2026-03-10_17-15-09
2026-03-10_17-16-10,0,draft.go:2026-03-10_17-16-10
2026-03-10_17-17-28,0,draft.go:2026-03-10_17-17-28
2026-03-10_17-19-24,0,draft.go:2026-03-10_17-17-28
2026-03-10_17-19-39,0,draft.go:2026-03-10_17-17-28
2026-03-10_17-31-48,0,draft.go:2026-03-10_17-31-48
2026-03-10_17-40-31,0,draft.go:2026-03-10_17-40-31
2026-03-10_17-41-14,0,draft.go:2026-03-10_17-41-14
2026-03-10_17-44-48,0,draft.go:2026-03-10_17-44-48
2026-03-10_17-46-34,0,draft.go:2026-03-10_17-46-34
2026-03-10_17-52-10,---,draft.go:2026-03-10_17-52-10
2026-03-10_17-55-43,0,draft.go:2026-03-10_17-55-43
2026-03-10_17-56-01,0,draft.go:2026-03-10_17-56-01
2026-03-10_17-56-37,---,draft.go:2026-03-10_17-56-01
2026-03-10_18-02-06,0,draft.go:2026-03-10_18-02-06
2026-03-10_18-02-12,0,draft.go:2026-03-10_18-02-06
2026-03-10_18-02-32,0,draft.go:2026-03-10_18-02-06
